INSERT INTO TEAM (TEAM_ID, CITY, NAME, ABBREVIATION) 
VALUES (1, 'Arizona', 'Cardinals', 'ARI');
INSERT INTO TEAM (TEAM_ID, CITY, NAME, ABBREVIATION) 
VALUES (2, 'Atlanta', 'Falcons', 'ATL');
INSERT INTO TEAM (TEAM_ID, CITY, NAME, ABBREVIATION) 
VALUES (3, 'Baltimore', 'Ravens', 'BAL');
INSERT INTO TEAM (TEAM_ID, CITY, NAME, ABBREVIATION) 
VALUES (4, 'Buffalo', 'Bills', 'BUF');
INSERT INTO TEAM (TEAM_ID, CITY, NAME, ABBREVIATION) 
VALUES (5, 'Carolina', 'Panthers', 'CAR');
INSERT INTO TEAM (TEAM_ID, CITY, NAME, ABBREVIATION) 
VALUES (6, 'Chicago', 'Bears', 'CHI');
INSERT INTO TEAM (TEAM_ID, CITY, NAME, ABBREVIATION) 
VALUES (7, 'Cincinnati', 'Bengals', 'CIN');
INSERT INTO TEAM (TEAM_ID, CITY, NAME, ABBREVIATION) 
VALUES (8, 'Cleveland', 'Browns', 'CLE');
INSERT INTO TEAM (TEAM_ID, CITY, NAME, ABBREVIATION) 
VALUES (9, 'Dallas', 'Cowboys', 'DAL');
INSERT INTO TEAM (TEAM_ID, CITY, NAME, ABBREVIATION) 
VALUES (10, 'Denver', 'Broncos', 'DEN');
INSERT INTO TEAM (TEAM_ID, CITY, NAME, ABBREVIATION) 
VALUES (11, 'Detroit', 'Lions', 'DET');
INSERT INTO TEAM (TEAM_ID, CITY, NAME, ABBREVIATION) 
VALUES (12, 'Green Bay', 'Packers', 'GB');
INSERT INTO TEAM (TEAM_ID, CITY, NAME, ABBREVIATION) 
VALUES (13, 'Houston', 'Texans', 'HOU');
INSERT INTO TEAM (TEAM_ID, CITY, NAME, ABBREVIATION) 
VALUES (14, 'Indianapolis', 'Colts', 'IND');
INSERT INTO TEAM (TEAM_ID, CITY, NAME, ABBREVIATION) 
VALUES (15, 'Jacksonville', 'Jaguars', 'JAX');
INSERT INTO TEAM (TEAM_ID, CITY, NAME, ABBREVIATION) 
VALUES (16, 'Kansas City', 'Chiefs', 'KC');
INSERT INTO TEAM (TEAM_ID, CITY, NAME, ABBREVIATION) 
VALUES (17, 'Los Angeles', 'Chargers', 'LAC');
INSERT INTO TEAM (TEAM_ID, CITY, NAME, ABBREVIATION) 
VALUES (18, 'Los Angeles', 'Rams', 'LAR');
INSERT INTO TEAM (TEAM_ID, CITY, NAME, ABBREVIATION) 
VALUES (19, 'Miami', 'Dolphins', 'MIA');
INSERT INTO TEAM (TEAM_ID, CITY, NAME, ABBREVIATION) 
VALUES (20, 'Minnesota', 'Vikings', 'MIN');
INSERT INTO TEAM (TEAM_ID, CITY, NAME, ABBREVIATION) 
VALUES (21, 'New England', 'Patriots', 'NE');
INSERT INTO TEAM (TEAM_ID, CITY, NAME, ABBREVIATION) 
VALUES (22, 'New Orleans', 'Saints', 'NO');
INSERT INTO TEAM (TEAM_ID, CITY, NAME, ABBREVIATION) 
VALUES (23, 'New York', 'Giants', 'NYG');
INSERT INTO TEAM (TEAM_ID, CITY, NAME, ABBREVIATION) 
VALUES (24, 'New York', 'Jets', 'NYJ');
INSERT INTO TEAM (TEAM_ID, CITY, NAME, ABBREVIATION) 
VALUES (25, 'Oakland', 'Raiders', 'OAK');
INSERT INTO TEAM (TEAM_ID, CITY, NAME, ABBREVIATION) 
VALUES (26, 'Philadelphia', 'Eagles', 'PHI');
INSERT INTO TEAM (TEAM_ID, CITY, NAME, ABBREVIATION) 
VALUES (27, 'Pittsburgh', 'Steelers', 'PIT');
INSERT INTO TEAM (TEAM_ID, CITY, NAME, ABBREVIATION) 
VALUES (28, 'San Fransisco', '49ers', 'SF');
INSERT INTO TEAM (TEAM_ID, CITY, NAME, ABBREVIATION) 
VALUES (29, 'Seattle', 'Seahawks', 'SEA');
INSERT INTO TEAM (TEAM_ID, CITY, NAME, ABBREVIATION) 
VALUES (30, 'Tampa Bay', 'Buccaneers', 'TB');
INSERT INTO TEAM (TEAM_ID, CITY, NAME, ABBREVIATION) 
VALUES (31, 'Tennessee', 'Titans', 'TEN');
INSERT INTO TEAM (TEAM_ID, CITY, NAME, ABBREVIATION) 
VALUES (32, 'Washington', 'Redskins', 'WAS');

insert into player (player_id, name, position, team_id) values(1, 'Saquon Barkley', 'RB', 23);
insert into player (player_id, name, position, team_id) values(2, 'Alvin Kamara', 'RB', 22);
insert into player (player_id, name, position, team_id) values(3, 'Christian McCaffrey', 'RB', 5);
insert into player (player_id, name, position, team_id) values(4, 'Ezekiel Elliott', 'RB', 9);
insert into player (player_id, name, position, team_id) values(5, 'David Johnson', 'RB', 1);
insert into player (player_id, name, position, team_id) values(6, 'DeAndre Hopkins', 'WR', 13);
insert into player (player_id, name, position, team_id) values(7, 'Le''Veon Bell', 'RB', 24);
insert into player (player_id, name, position, team_id) values(8, 'Davante Adams', 'WR', 12);
insert into player (player_id, name, position, team_id) values(9, 'Nick Chubb', 'RB', 8);
insert into player (player_id, name, position, team_id) values(10, 'James Conner', 'RB', 27);
insert into player (player_id, name, position, team_id) values(11, 'Julio Jones', 'WR', 2);
insert into player (player_id, name, position, team_id) values(12, 'Odell Beckham Jr.', 'WR', 8);
insert into player (player_id, name, position, team_id) values(13, 'Michael Thomas', 'WR', 22);
insert into player (player_id, name, position, team_id) values(14, 'Travis Kelce', 'TE', 16);
insert into player (player_id, name, position, team_id) values(15, 'Patrick Mahomes', 'QB', 16);
insert into player (player_id, name, position, team_id) values(16, 'JuJu Smith-Schuster', 'WR', 27);
insert into player (player_id, name, position, team_id) values(17, 'Dalvin Cook', 'RB', 20);
insert into player (player_id, name, position, team_id) values(18, 'Joe Mixon', 'RB', 7);
insert into player (player_id, name, position, team_id) values(19, 'Todd Gurley II', 'RB', 18);
insert into player (player_id, name, position, team_id) values(20, 'George Kittle', 'TE', 28);
insert into player (player_id, name, position, team_id) values(21, 'Tyreek Hill', 'WR', 16);
insert into player (player_id, name, position, team_id) values(22, 'Mike Evans', 'WR', 30);
insert into player (player_id, name, position, team_id) values(23, 'Antonio Brown', 'WR', 25);
insert into player (player_id, name, position, team_id) values(24, 'Damien Williams', 'RB', 16);
insert into player (player_id, name, position, team_id) values(25, 'Melvin Gordon III', 'RB', 17);
insert into player (player_id, name, position, team_id) values(26, 'Zach Ertz', 'TE', 26);
insert into player (player_id, name, position, team_id) values(27, 'Marlon Mack', 'RB', 14);
insert into player (player_id, name, position, team_id) values(28, 'Keenan Allen', 'WR', 17);
insert into player (player_id, name, position, team_id) values(29, 'Adam Thielen', 'WR', 20);
insert into player (player_id, name, position, team_id) values(30, 'T.Y. Hilton', 'WR', 14);
insert into player (player_id, name, position, team_id) values(31, 'Amari Cooper', 'WR', 9);
insert into player (player_id, name, position, team_id) values(32, 'Aaron Jones', 'RB', 12);
insert into player (player_id, name, position, team_id) values(33, 'Derrick Henry', 'RB', 31);
insert into player (player_id, name, position, team_id) values(34, 'Devonta Freeman', 'RB', 2);
insert into player (player_id, name, position, team_id) values(35, 'Kerryon Johnson', 'RB', 11);
insert into player (player_id, name, position, team_id) values(36, 'Leonard Fournette', 'RB', 15);
insert into player (player_id, name, position, team_id) values(37, 'Stefon Diggs', 'WR', 20);
insert into player (player_id, name, position, team_id) values(38, 'Robert Woods', 'WR', 18);
insert into player (player_id, name, position, team_id) values(39, 'Deshaun Watson', 'QB', 13);
insert into player (player_id, name, position, team_id) values(40, 'Aaron Rodgers', 'QB', 12);
insert into player (player_id, name, position, team_id) values(41, 'Brandin Cooks', 'WR', 18);
insert into player (player_id, name, position, team_id) values(42, 'Julian Edelman', 'WR', 21);
insert into player (player_id, name, position, team_id) values(43, 'Chris Godwin', 'WR', 30);
insert into player (player_id, name, position, team_id) values(44, 'Josh Jacobs', 'RB', 25);
insert into player (player_id, name, position, team_id) values(45, 'Kenny Golladay', 'WR', 11);
insert into player (player_id, name, position, team_id) values(46, 'Mark Ingram II', 'RB', 3);
insert into player (player_id, name, position, team_id) values(47, 'Baker Mayfield', 'QB', 8);
insert into player (player_id, name, position, team_id) values(48, 'Sony Michel', 'RB', 21);
insert into player (player_id, name, position, team_id) values(49, 'O.J. Howard', 'TE', 30);
insert into player (player_id, name, position, team_id) values(50, 'Andrew Luck', 'QB', 14);
insert into player (player_id, name, position, team_id) values(51, 'Phillip Lindsay', 'RB', 10);
insert into player (player_id, name, position, team_id) values(52, 'David Montgomery', 'RB', 6);
insert into player (player_id, name, position, team_id) values(53, 'Evan Engram', 'TE', 23);
insert into player (player_id, name, position, team_id) values(54, 'Hunter Henry', 'TE', 17);
insert into player (player_id, name, position, team_id) values(55, 'Chris Carson', 'RB', 29);
insert into player (player_id, name, position, team_id) values(56, 'Allen Robinson II', 'WR', 6);
insert into player (player_id, name, position, team_id) values(57, 'Tyler Lockett', 'WR', 29);
insert into player (player_id, name, position, team_id) values(58, 'Mike Williams', 'WR', 17);
insert into player (player_id, name, position, team_id) values(59, 'Matt Ryan', 'QB', 2);
insert into player (player_id, name, position, team_id) values(60, 'Chicago', 'DEF', 6);
insert into player (player_id, name, position, team_id) values(61, 'Cooper Kupp', 'WR', 18);
insert into player (player_id, name, position, team_id) values(62, 'Tyler Boyd', 'WR', 7);
insert into player (player_id, name, position, team_id) values(63, 'Jared Cook', 'TE', 22);
insert into player (player_id, name, position, team_id) values(64, 'Russell Wilson', 'QB', 29);
insert into player (player_id, name, position, team_id) values(65, 'Calvin Ridley', 'WR', 2);
insert into player (player_id, name, position, team_id) values(66, 'Drew Brees', 'QB', 22);
insert into player (player_id, name, position, team_id) values(67, 'Jarvis Landry', 'WR', 8);
insert into player (player_id, name, position, team_id) values(68, 'A.J. Green', 'WR', 7);
insert into player (player_id, name, position, team_id) values(69, 'Los Angeles', 'DEF', 18);
insert into player (player_id, name, position, team_id) values(70, 'Tevin Coleman', 'RB', 28);
insert into player (player_id, name, position, team_id) values(71, 'Cam Newton', 'QB', 5);
insert into player (player_id, name, position, team_id) values(72, 'Alshon Jeffery', 'WR', 26);
insert into player (player_id, name, position, team_id) values(73, 'Eric Ebron', 'TE', 14);
insert into player (player_id, name, position, team_id) values(74, 'Greg Zuerlein', 'K', 18);
insert into player (player_id, name, position, team_id) values(75, 'Tarik Cohen', 'RB', 6);
insert into player (player_id, name, position, team_id) values(76, 'D.J. Moore', 'WR', 5);
insert into player (player_id, name, position, team_id) values(77, 'Kenyan Drake', 'RB', 19);
insert into player (player_id, name, position, team_id) values(78, 'Jacksonville', 'DEF', 15);
insert into player (player_id, name, position, team_id) values(79, 'James White', 'RB', 21);
insert into player (player_id, name, position, team_id) values(80, 'Robby Anderson', 'WR', 24);
insert into player (player_id, name, position, team_id) values(81, 'Carson Wentz', 'QB', 26);
insert into player (player_id, name, position, team_id) values(82, 'Kyler Murray', 'QB', 1);
insert into player (player_id, name, position, team_id) values(83, 'Harrison Butker', 'K', 16);
insert into player (player_id, name, position, team_id) values(84, 'Baltimore', 'DEF', 3);
insert into player (player_id, name, position, team_id) values(85, 'Justin Tucker', 'K', 3);
insert into player (player_id, name, position, team_id) values(86, 'David Njoku', 'TE', 8);
insert into player (player_id, name, position, team_id) values(87, 'Vance McDonald', 'TE', 27);
insert into player (player_id, name, position, team_id) values(88, 'Minnesota', 'DEF', 20);
insert into player (player_id, name, position, team_id) values(89, 'Will Fuller V', 'WR', 13);
insert into player (player_id, name, position, team_id) values(90, 'Jordan Howard', 'RB', 26);
insert into player (player_id, name, position, team_id) values(91, 'Stephen Gostkowski', 'K', 21);
insert into player (player_id, name, position, team_id) values(92, 'Christian Kirk', 'WR', 1);
insert into player (player_id, name, position, team_id) values(93, 'Corey Davis', 'WR', 31);
insert into player (player_id, name, position, team_id) values(94, 'Sammy Watkins', 'WR', 16);
insert into player (player_id, name, position, team_id) values(95, 'Lamar Miller', 'RB', 13);
insert into player (player_id, name, position, team_id) values(96, 'Josh Gordon', 'WR', 21);
insert into player (player_id, name, position, team_id) values(97, 'Miles Sanders', 'RB', 26);
insert into player (player_id, name, position, team_id) values(98, 'Latavius Murray', 'RB', 22);
insert into player (player_id, name, position, team_id) values(99, 'Jared Goff', 'QB', 18);
insert into player (player_id, name, position, team_id) values(100, 'Los Angeles', 'DEF', 17);
insert into player (player_id, name, position, team_id) values(101, 'Derrius Guice', 'RB', 32);
insert into player (player_id, name, position, team_id) values(102, 'Wil Lutz', 'K', 22);
insert into player (player_id, name, position, team_id) values(103, 'Dede Westbrook', 'WR', 15);
insert into player (player_id, name, position, team_id) values(104, 'Cleveland', 'DEF', 8);
insert into player (player_id, name, position, team_id) values(105, 'Tom Brady', 'QB', 21);
insert into player (player_id, name, position, team_id) values(106, 'Curtis Samuel', 'WR', 5);
insert into player (player_id, name, position, team_id) values(107, 'Austin Ekeler', 'RB', 17);
insert into player (player_id, name, position, team_id) values(108, 'Sterling Shepard', 'WR', 23);
insert into player (player_id, name, position, team_id) values(109, 'Rashaad Penny', 'RB', 29);
insert into player (player_id, name, position, team_id) values(110, 'Austin Hooper', 'TE', 2);
insert into player (player_id, name, position, team_id) values(111, 'Duke Johnson Jr.', 'RB', 13);
insert into player (player_id, name, position, team_id) values(112, 'Ka''imi Fairbairn', 'K', 13);
insert into player (player_id, name, position, team_id) values(113, 'Dante Pettis', 'WR', 28);
insert into player (player_id, name, position, team_id) values(114, 'Royce Freeman', 'RB', 10);
insert into player (player_id, name, position, team_id) values(115, 'Larry Fitzgerald', 'WR', 1);
insert into player (player_id, name, position, team_id) values(116, 'Marvin Jones Jr.', 'WR', 11);
insert into player (player_id, name, position, team_id) values(117, 'Kareem Hunt', 'RB', 8);
insert into player (player_id, name, position, team_id) values(118, 'Ben Roethlisberger', 'QB', 27);
insert into player (player_id, name, position, team_id) values(119, 'Lamar Jackson', 'QB', 3);
insert into player (player_id, name, position, team_id) values(120, 'Jason Witten', 'TE', 9);
insert into player (player_id, name, position, team_id) values(121, 'Houston', 'DEF', 13);
insert into player (player_id, name, position, team_id) values(122, 'Delanie Walker', 'TE', 31);
insert into player (player_id, name, position, team_id) values(123, 'Darrell Henderson Jr.', 'RB', 18);
insert into player (player_id, name, position, team_id) values(124, 'Dak Prescott', 'QB', 9);
insert into player (player_id, name, position, team_id) values(125, 'Nick Foles', 'QB', 15);
insert into player (player_id, name, position, team_id) values(126, 'LeSean McCoy', 'RB', 4);
insert into player (player_id, name, position, team_id) values(127, 'Jameis Winston', 'QB', 30);
insert into player (player_id, name, position, team_id) values(128, 'Matthew Stafford', 'QB', 11);
insert into player (player_id, name, position, team_id) values(129, 'Jerick McKinnon', 'RB', 28);
insert into player (player_id, name, position, team_id) values(130, 'New England', 'DEF', 21);
insert into player (player_id, name, position, team_id) values(131, 'Rob Gronkowski', 'TE', 21);
insert into player (player_id, name, position, team_id) values(132, 'Derek Carr', 'QB', 25);
insert into player (player_id, name, position, team_id) values(133, 'Philip Rivers', 'QB', 17);
insert into player (player_id, name, position, team_id) values(134, 'Kyle Rudolph', 'TE', 20);
insert into player (player_id, name, position, team_id) values(135, 'Ted Ginn Jr.', 'WR', 22);
insert into player (player_id, name, position, team_id) values(136, 'Keke Coutee', 'WR', 13);
insert into player (player_id, name, position, team_id) values(137, 'Randall Cobb', 'WR', 9);
insert into player (player_id, name, position, team_id) values(138, 'Courtland Sutton', 'WR', 10);
insert into player (player_id, name, position, team_id) values(139, 'DeSean Jackson', 'WR', 26);
insert into player (player_id, name, position, team_id) values(140, 'Rex Burkhead', 'RB', 21);
insert into player (player_id, name, position, team_id) values(141, 'Darwin Thompson', 'RB', 16);
insert into player (player_id, name, position, team_id) values(142, 'Emmanuel Sanders', 'WR', 10);
insert into player (player_id, name, position, team_id) values(143, 'Tony Pollard', 'RB', 9);
insert into player (player_id, name, position, team_id) values(144, 'Golden Tate', 'WR', 23);
insert into player (player_id, name, position, team_id) values(145, 'Adrian Peterson', 'RB', 32);
insert into player (player_id, name, position, team_id) values(146, 'N''Keal Harry', 'WR', 21);
insert into player (player_id, name, position, team_id) values(147, 'Atlanta', 'DEF', 2);
insert into player (player_id, name, position, team_id) values(148, 'Tyler Eifert', 'TE', 7);
insert into player (player_id, name, position, team_id) values(149, 'Matt Breida', 'RB', 28);
insert into player (player_id, name, position, team_id) values(150, 'James Washington', 'WR', 27);
insert into player (player_id, name, position, team_id) values(151, 'Carolina', 'DEF', 5);
insert into player (player_id, name, position, team_id) values(152, 'New Orleans', 'DEF', 22);
insert into player (player_id, name, position, team_id) values(153, 'Carlos Hyde', 'RB', 16);
insert into player (player_id, name, position, team_id) values(154, 'Mitchell Trubisky', 'QB', 6);
insert into player (player_id, name, position, team_id) values(155, 'Mecole Hardman', 'WR', 16);
insert into player (player_id, name, position, team_id) values(156, 'Mark Andrews', 'TE', 3);
insert into player (player_id, name, position, team_id) values(157, 'Greg Olsen', 'TE', 5);
insert into player (player_id, name, position, team_id) values(158, 'Marquez Valdes-Scantling', 'WR', 12);
insert into player (player_id, name, position, team_id) values(159, 'Michael Gallup', 'WR', 9);
insert into player (player_id, name, position, team_id) values(160, 'DK Metcalf', 'WR', 29);
insert into player (player_id, name, position, team_id) values(161, 'Kenny Stills', 'WR', 19);
insert into player (player_id, name, position, team_id) values(162, 'Kirk Cousins', 'QB', 20);
insert into player (player_id, name, position, team_id) values(163, 'Kalen Ballage', 'RB', 19);
insert into player (player_id, name, position, team_id) values(164, 'Tre''Quan Smith', 'WR', 22);
insert into player (player_id, name, position, team_id) values(165, 'Adam Humphries', 'WR', 31);
insert into player (player_id, name, position, team_id) values(166, 'C.J. Anderson', 'RB', 11);
insert into player (player_id, name, position, team_id) values(167, 'Robbie Gould', 'K', 28);
insert into player (player_id, name, position, team_id) values(168, 'Sam Darnold', 'QB', 24);
insert into player (player_id, name, position, team_id) values(169, 'Nelson Agholor', 'WR', 26);
insert into player (player_id, name, position, team_id) values(170, 'Green Bay', 'DEF', 12);
insert into player (player_id, name, position, team_id) values(171, 'Devin Funchess', 'WR', 14);
insert into player (player_id, name, position, team_id) values(172, 'D''Onta Foreman', 'RB', 14);
insert into player (player_id, name, position, team_id) values(173, 'Trey Burton', 'TE', 6);
insert into player (player_id, name, position, team_id) values(174, 'Geronimo Allison', 'WR', 12);
insert into player (player_id, name, position, team_id) values(175, 'Jaylen Samuels', 'RB', 27);
insert into player (player_id, name, position, team_id) values(176, 'Nyheim Hines', 'RB', 14);
insert into player (player_id, name, position, team_id) values(177, 'Adam Vinatieri', 'K', 14);
insert into player (player_id, name, position, team_id) values(178, 'Justin Jackson', 'RB', 17);
insert into player (player_id, name, position, team_id) values(179, 'Mason Crosby', 'K', 12);
insert into player (player_id, name, position, team_id) values(180, 'Donte Moncrief', 'WR', 27);
insert into player (player_id, name, position, team_id) values(181, 'Pittsburgh', 'DEF', 27);
insert into player (player_id, name, position, team_id) values(182, 'Detroit', 'DEF', 11);
insert into player (player_id, name, position, team_id) values(183, 'Tyrell Williams', 'WR', 25);
insert into player (player_id, name, position, team_id) values(184, 'Peyton Barber', 'RB', 30);
insert into player (player_id, name, position, team_id) values(185, 'Damien Harris', 'RB', 21);
insert into player (player_id, name, position, team_id) values(186, 'Parris Campbell', 'WR', 14);
insert into player (player_id, name, position, team_id) values(187, 'Mohamed Sanu', 'WR', 2);
insert into player (player_id, name, position, team_id) values(188, 'Marquise Brown', 'WR', 3);
insert into player (player_id, name, position, team_id) values(189, 'Anthony Miller', 'WR', 6);
insert into player (player_id, name, position, team_id) values(190, 'Marquise Goodwin', 'WR', 28);
insert into player (player_id, name, position, team_id) values(191, 'T.J. Hockenson', 'TE', 11);
insert into player (player_id, name, position, team_id) values(192, 'Deebo Samuel', 'WR', 28);
insert into player (player_id, name, position, team_id) values(193, 'Mike Davis', 'RB', 6);
insert into player (player_id, name, position, team_id) values(194, 'Jimmy Graham', 'TE', 12);
insert into player (player_id, name, position, team_id) values(195, 'Devin Singletary', 'RB', 4);
insert into player (player_id, name, position, team_id) values(196, 'Ronald Jones II', 'RB', 30);
insert into player (player_id, name, position, team_id) values(197, 'Justice Hill', 'RB', 3);
insert into player (player_id, name, position, team_id) values(198, 'Jamison Crowder', 'WR', 24);
insert into player (player_id, name, position, team_id) values(199, 'Noah Fant', 'TE', 10);
insert into player (player_id, name, position, team_id) values(200, 'Dion Lewis', 'RB', 31);
insert into player (player_id, name, position, team_id) values(201, 'Alexander Mattison', 'RB', 20);
insert into player (player_id, name, position, team_id) values(202, 'Kansas City', 'DEF', 16);
insert into player (player_id, name, position, team_id) values(203, 'DeVante Parker', 'WR', 19);
insert into player (player_id, name, position, team_id) values(204, 'Jimmy Garoppolo', 'QB', 28);
insert into player (player_id, name, position, team_id) values(205, 'Dallas', 'DEF', 9);
insert into player (player_id, name, position, team_id) values(206, 'New York', 'DEF', 24);
insert into player (player_id, name, position, team_id) values(207, 'Darren Waller', 'TE', 25);
insert into player (player_id, name, position, team_id) values(208, 'Ito Smith', 'RB', 2);
insert into player (player_id, name, position, team_id) values(209, 'John Brown', 'WR', 4);
insert into player (player_id, name, position, team_id) values(210, 'Chris Herndon', 'TE', 24);
insert into player (player_id, name, position, team_id) values(211, 'Philadelphia', 'DEF', 26);
insert into player (player_id, name, position, team_id) values(212, 'Brandon McManus', 'K', 10);
insert into player (player_id, name, position, team_id) values(213, 'Josh Allen', 'QB', 4);
insert into player (player_id, name, position, team_id) values(214, 'Chris Boswell', 'K', 27);
insert into player (player_id, name, position, team_id) values(215, 'Jordan Reed', 'TE', 32);
insert into player (player_id, name, position, team_id) values(216, 'Greg Joseph', 'K', 8);
insert into player (player_id, name, position, team_id) values(217, 'Tennessee', 'DEF', 31);
insert into player (player_id, name, position, team_id) values(218, 'San Francisco', 'DEF', 28);
insert into player (player_id, name, position, team_id) values(219, 'Jack Doyle', 'TE', 14);
insert into player (player_id, name, position, team_id) values(220, 'Dallas Goedert', 'TE', 26);
insert into player (player_id, name, position, team_id) values(221, 'Denver', 'DEF', 10);
insert into player (player_id, name, position, team_id) values(222, 'Jason Myers', 'K', 29);
insert into player (player_id, name, position, team_id) values(223, 'Michael Badgley', 'K', 17);
insert into player (player_id, name, position, team_id) values(224, 'Buffalo', 'DEF', 4);
insert into player (player_id, name, position, team_id) values(225, 'Seattle', 'DEF', 29);
insert into player (player_id, name, position, team_id) values(226, 'Matt Prater', 'K', 11);
insert into player (player_id, name, position, team_id) values(227, 'Brett Maher', 'K', 9);
insert into player (player_id, name, position, team_id) values(228, 'Graham Gano', 'K', 5);
insert into player (player_id, name, position, team_id) values(229, 'Jake Elliott', 'K', 26);
insert into player (player_id, name, position, team_id) values(230, 'Indianapolis', 'DEF', 14);
insert into player (player_id, name, position, team_id) values(231, 'Aldrick Rosas', 'K', 23);
insert into player (player_id, name, position, team_id) values(232, 'Dan Bailey', 'K', 20);
insert into player (player_id, name, position, team_id) values(233, 'Giorgio Tavecchio', 'K', 2);
insert into player (player_id, name, position, team_id) values(234, 'DaeSean Hamilton', 'WR', 10);
insert into player (player_id, name, position, team_id) values(235, 'Jamaal Williams', 'RB', 12);
insert into player (player_id, name, position, team_id) values(236, 'Zay Jones', 'WR', 4);
insert into player (player_id, name, position, team_id) values(237, 'Chris Thompson', 'RB', 32);
insert into player (player_id, name, position, team_id) values(238, 'Jacoby Brissett', 'QB', 14);
insert into player (player_id, name, position, team_id) values(239, 'Andy Dalton', 'QB', 7);
insert into player (player_id, name, position, team_id) values(240, 'Quincy Enunwa', 'WR', 24);
insert into player (player_id, name, position, team_id) values(241, 'Giovani Bernard', 'RB', 7);
insert into player (player_id, name, position, team_id) values(242, 'Gerald Everett', 'TE', 18);
insert into player (player_id, name, position, team_id) values(243, 'Mike Gesicki', 'TE', 19);
insert into player (player_id, name, position, team_id) values(244, 'Malcolm Brown', 'RB', 18);
insert into player (player_id, name, position, team_id) values(245, 'Will Dissly', 'TE', 29);
insert into player (player_id, name, position, team_id) values(246, 'Taylor Gabriel', 'WR', 6);
insert into player (player_id, name, position, team_id) values(247, 'Albert Wilson', 'WR', 19);
insert into player (player_id, name, position, team_id) values(248, 'Rashard Higgins', 'WR', 8);
insert into player (player_id, name, position, team_id) values(249, 'Joe Flacco', 'QB', 10);
insert into player (player_id, name, position, team_id) values(250, 'Ty Montgomery', 'RB', 24);
insert into player (player_id, name, position, team_id) values(251, 'Jordan Thomas', 'TE', 13);
insert into player (player_id, name, position, team_id) values(252, 'Marcus Mariota', 'QB', 31);
insert into player (player_id, name, position, team_id) values(253, 'Danny Amendola', 'WR', 11);
insert into player (player_id, name, position, team_id) values(254, 'Ian Thomas', 'TE', 5);
insert into player (player_id, name, position, team_id) values(255, 'Elijah McGuire', 'RB', 24);
insert into player (player_id, name, position, team_id) values(256, 'Miles Boykin', 'WR', 3);
insert into player (player_id, name, position, team_id) values(257, 'Marqise Lee', 'WR', 15);
insert into player (player_id, name, position, team_id) values(258, 'Jalen Hurd', 'WR', 28);
insert into player (player_id, name, position, team_id) values(259, 'Robert Foster', 'WR', 4);
insert into player (player_id, name, position, team_id) values(260, 'Andy Isabella', 'WR', 1);
insert into player (player_id, name, position, team_id) values(261, 'Antonio Callaway', 'WR', 8);
insert into player (player_id, name, position, team_id) values(262, 'Trey Quinn', 'WR', 32);
insert into player (player_id, name, position, team_id) values(263, 'D.J. Chark Jr.', 'WR', 15);
insert into player (player_id, name, position, team_id) values(264, 'Ricky Seals-Jones', 'TE', 1);
insert into player (player_id, name, position, team_id) values(265, 'Ryan Fitzpatrick', 'QB', 19);
insert into player (player_id, name, position, team_id) values(266, 'Josh Doctson', 'WR', 32);
insert into player (player_id, name, position, team_id) values(267, 'A.J. Brown', 'WR', 31);
insert into player (player_id, name, position, team_id) values(268, 'Chase Edmonds', 'RB', 1);
insert into player (player_id, name, position, team_id) values(269, 'Josh Reynolds', 'WR', 18);
insert into player (player_id, name, position, team_id) values(270, 'KeeSean Johnson', 'WR', 1);
insert into player (player_id, name, position, team_id) values(271, 'Kenneth Dixon', 'RB', 3);
insert into player (player_id, name, position, team_id) values(272, 'John Ross III', 'WR', 7);
insert into player (player_id, name, position, team_id) values(273, 'Frank Gore', 'RB', 4);
insert into player (player_id, name, position, team_id) values(274, 'Ryan Succop', 'K', 31);
insert into player (player_id, name, position, team_id) values(275, 'Eli Manning', 'QB', 23);
insert into player (player_id, name, position, team_id) values(276, 'Diontae Johnson', 'WR', 27);
insert into player (player_id, name, position, team_id) values(277, 'Josh Rosen', 'QB', 19);
insert into player (player_id, name, position, team_id) values(278, 'Josh Lambo', 'K', 15);
insert into player (player_id, name, position, team_id) values(279, 'Stephen Hauschka', 'K', 4);
insert into player (player_id, name, position, team_id) values(280, 'Cameron Brate', 'TE', 30);
insert into player (player_id, name, position, team_id) values(281, 'Cairo Santos', 'K', 30);
insert into player (player_id, name, position, team_id) values(282, 'Benny Snell Jr.', 'RB', 27);
insert into player (player_id, name, position, team_id) values(283, 'Matt Bryant', 'K', 2);
insert into player (player_id, name, position, team_id) values(284, 'Case Keenum', 'QB', 32);
insert into player (player_id, name, position, team_id) values(285, 'Dwayne Haskins Jr.', 'QB', 32);
insert into player (player_id, name, position, team_id) values(286, 'Arizona', 'DEF', 1);
insert into player (player_id, name, position, team_id) values(287, 'Marshawn Lynch', 'RB', 25);
insert into player (player_id, name, position, team_id) values(288, 'Alex Collins', 'RB', 3);
insert into player (player_id, name, position, team_id) values(289, 'Jay Ajayi', 'RB', 26);
insert into player (player_id, name, position, team_id) values(290, 'T.J. Yeldon', 'RB', 4);
insert into player (player_id, name, position, team_id) values(291, 'Isaiah Crowell', 'RB', 25);
insert into player (player_id, name, position, team_id) values(292, 'Demaryius Thomas', 'WR', 21);
insert into player (player_id, name, position, team_id) values(293, 'C.J. Beathard', 'QB', 28);
insert into player (player_id, name, position, team_id) values(294, 'Jordy Nelson', 'WR', 25);
insert into player (player_id, name, position, team_id) values(295, 'Bilal Powell', 'RB', 24);
insert into player (player_id, name, position, team_id) values(296, 'Alex Smith', 'QB', 32);
insert into player (player_id, name, position, team_id) values(297, 'Brandon LaFell', 'WR', 25);
insert into player (player_id, name, position, team_id) values(298, 'Ben Watson', 'TE', 21);
insert into player (player_id, name, position, team_id) values(299, 'Michael Crabtree', 'WR', 1);
insert into player (player_id, name, position, team_id) values(300, 'Darren Sproles', 'RB', 26);

INSERT INTO `average_auction_value` (`average_auction_value_id`,`average_cost`,`platform`,`player_id`) VALUES (1,70.00,'YAHOO',1);
INSERT INTO `average_auction_value` (`average_auction_value_id`,`average_cost`,`platform`,`player_id`) VALUES (2,67.20,'YAHOO',2);
INSERT INTO `average_auction_value` (`average_auction_value_id`,`average_cost`,`platform`,`player_id`) VALUES (3,66.30,'YAHOO',3);
INSERT INTO `average_auction_value` (`average_auction_value_id`,`average_cost`,`platform`,`player_id`) VALUES (4,63.90,'YAHOO',4);
INSERT INTO `average_auction_value` (`average_auction_value_id`,`average_cost`,`platform`,`player_id`) VALUES (5,57.90,'YAHOO',5);
INSERT INTO `average_auction_value` (`average_auction_value_id`,`average_cost`,`platform`,`player_id`) VALUES (6,57.60,'YAHOO',6);
INSERT INTO `average_auction_value` (`average_auction_value_id`,`average_cost`,`platform`,`player_id`) VALUES (7,55.40,'YAHOO',7);
INSERT INTO `average_auction_value` (`average_auction_value_id`,`average_cost`,`platform`,`player_id`) VALUES (8,54.80,'YAHOO',8);
INSERT INTO `average_auction_value` (`average_auction_value_id`,`average_cost`,`platform`,`player_id`) VALUES (9,51.80,'YAHOO',9);
INSERT INTO `average_auction_value` (`average_auction_value_id`,`average_cost`,`platform`,`player_id`) VALUES (10,52.10,'YAHOO',10);
INSERT INTO `average_auction_value` (`average_auction_value_id`,`average_cost`,`platform`,`player_id`) VALUES (11,51.80,'YAHOO',11);
INSERT INTO `average_auction_value` (`average_auction_value_id`,`average_cost`,`platform`,`player_id`) VALUES (12,49.60,'YAHOO',12);
INSERT INTO `average_auction_value` (`average_auction_value_id`,`average_cost`,`platform`,`player_id`) VALUES (13,48.70,'YAHOO',13);
INSERT INTO `average_auction_value` (`average_auction_value_id`,`average_cost`,`platform`,`player_id`) VALUES (14,47.00,'YAHOO',14);
INSERT INTO `average_auction_value` (`average_auction_value_id`,`average_cost`,`platform`,`player_id`) VALUES (15,27.30,'YAHOO',15);
INSERT INTO `average_auction_value` (`average_auction_value_id`,`average_cost`,`platform`,`player_id`) VALUES (16,43.80,'YAHOO',16);
INSERT INTO `average_auction_value` (`average_auction_value_id`,`average_cost`,`platform`,`player_id`) VALUES (17,42.00,'YAHOO',17);
INSERT INTO `average_auction_value` (`average_auction_value_id`,`average_cost`,`platform`,`player_id`) VALUES (18,44.30,'YAHOO',18);
INSERT INTO `average_auction_value` (`average_auction_value_id`,`average_cost`,`platform`,`player_id`) VALUES (19,36.20,'YAHOO',19);
INSERT INTO `average_auction_value` (`average_auction_value_id`,`average_cost`,`platform`,`player_id`) VALUES (20,36.40,'YAHOO',20);
INSERT INTO `average_auction_value` (`average_auction_value_id`,`average_cost`,`platform`,`player_id`) VALUES (21,37.60,'YAHOO',21);
INSERT INTO `average_auction_value` (`average_auction_value_id`,`average_cost`,`platform`,`player_id`) VALUES (22,34.60,'YAHOO',22);
INSERT INTO `average_auction_value` (`average_auction_value_id`,`average_cost`,`platform`,`player_id`) VALUES (23,35.80,'YAHOO',23);
INSERT INTO `average_auction_value` (`average_auction_value_id`,`average_cost`,`platform`,`player_id`) VALUES (24,34.80,'YAHOO',24);
INSERT INTO `average_auction_value` (`average_auction_value_id`,`average_cost`,`platform`,`player_id`) VALUES (25,41.40,'YAHOO',25);
INSERT INTO `average_auction_value` (`average_auction_value_id`,`average_cost`,`platform`,`player_id`) VALUES (26,32.00,'YAHOO',26);
INSERT INTO `average_auction_value` (`average_auction_value_id`,`average_cost`,`platform`,`player_id`) VALUES (27,29.70,'YAHOO',27);
INSERT INTO `average_auction_value` (`average_auction_value_id`,`average_cost`,`platform`,`player_id`) VALUES (28,29.10,'YAHOO',28);
INSERT INTO `average_auction_value` (`average_auction_value_id`,`average_cost`,`platform`,`player_id`) VALUES (29,27.90,'YAHOO',29);
INSERT INTO `average_auction_value` (`average_auction_value_id`,`average_cost`,`platform`,`player_id`) VALUES (30,28.70,'YAHOO',30);
INSERT INTO `average_auction_value` (`average_auction_value_id`,`average_cost`,`platform`,`player_id`) VALUES (31,27.60,'YAHOO',31);
INSERT INTO `average_auction_value` (`average_auction_value_id`,`average_cost`,`platform`,`player_id`) VALUES (32,24.60,'YAHOO',32);
INSERT INTO `average_auction_value` (`average_auction_value_id`,`average_cost`,`platform`,`player_id`) VALUES (33,28.50,'YAHOO',33);
INSERT INTO `average_auction_value` (`average_auction_value_id`,`average_cost`,`platform`,`player_id`) VALUES (34,24.00,'YAHOO',34);
INSERT INTO `average_auction_value` (`average_auction_value_id`,`average_cost`,`platform`,`player_id`) VALUES (35,20.90,'YAHOO',35);
INSERT INTO `average_auction_value` (`average_auction_value_id`,`average_cost`,`platform`,`player_id`) VALUES (36,22.20,'YAHOO',36);
INSERT INTO `average_auction_value` (`average_auction_value_id`,`average_cost`,`platform`,`player_id`) VALUES (37,21.90,'YAHOO',37);
INSERT INTO `average_auction_value` (`average_auction_value_id`,`average_cost`,`platform`,`player_id`) VALUES (38,17.30,'YAHOO',38);
INSERT INTO `average_auction_value` (`average_auction_value_id`,`average_cost`,`platform`,`player_id`) VALUES (39,14.40,'YAHOO',39);
INSERT INTO `average_auction_value` (`average_auction_value_id`,`average_cost`,`platform`,`player_id`) VALUES (40,10.40,'YAHOO',40);
INSERT INTO `average_auction_value` (`average_auction_value_id`,`average_cost`,`platform`,`player_id`) VALUES (41,13.40,'YAHOO',41);
INSERT INTO `average_auction_value` (`average_auction_value_id`,`average_cost`,`platform`,`player_id`) VALUES (42,14.50,'YAHOO',42);
INSERT INTO `average_auction_value` (`average_auction_value_id`,`average_cost`,`platform`,`player_id`) VALUES (43,15.70,'YAHOO',43);
INSERT INTO `average_auction_value` (`average_auction_value_id`,`average_cost`,`platform`,`player_id`) VALUES (44,13.00,'YAHOO',44);
INSERT INTO `average_auction_value` (`average_auction_value_id`,`average_cost`,`platform`,`player_id`) VALUES (45,13.80,'YAHOO',45);
INSERT INTO `average_auction_value` (`average_auction_value_id`,`average_cost`,`platform`,`player_id`) VALUES (46,11.00,'YAHOO',46);
INSERT INTO `average_auction_value` (`average_auction_value_id`,`average_cost`,`platform`,`player_id`) VALUES (47,7.20,'YAHOO',47);
INSERT INTO `average_auction_value` (`average_auction_value_id`,`average_cost`,`platform`,`player_id`) VALUES (48,10.50,'YAHOO',48);
INSERT INTO `average_auction_value` (`average_auction_value_id`,`average_cost`,`platform`,`player_id`) VALUES (49,9.00,'YAHOO',49);
INSERT INTO `average_auction_value` (`average_auction_value_id`,`average_cost`,`platform`,`player_id`) VALUES (50,10.60,'YAHOO',50);
INSERT INTO `average_auction_value` (`average_auction_value_id`,`average_cost`,`platform`,`player_id`) VALUES (51,8.80,'YAHOO',51);
INSERT INTO `average_auction_value` (`average_auction_value_id`,`average_cost`,`platform`,`player_id`) VALUES (52,10.30,'YAHOO',52);
INSERT INTO `average_auction_value` (`average_auction_value_id`,`average_cost`,`platform`,`player_id`) VALUES (53,6.00,'YAHOO',53);
INSERT INTO `average_auction_value` (`average_auction_value_id`,`average_cost`,`platform`,`player_id`) VALUES (54,5.90,'YAHOO',54);
INSERT INTO `average_auction_value` (`average_auction_value_id`,`average_cost`,`platform`,`player_id`) VALUES (55,9.30,'YAHOO',55);
INSERT INTO `average_auction_value` (`average_auction_value_id`,`average_cost`,`platform`,`player_id`) VALUES (56,10.00,'YAHOO',56);
INSERT INTO `average_auction_value` (`average_auction_value_id`,`average_cost`,`platform`,`player_id`) VALUES (57,8.20,'YAHOO',57);
INSERT INTO `average_auction_value` (`average_auction_value_id`,`average_cost`,`platform`,`player_id`) VALUES (58,5.90,'YAHOO',58);
INSERT INTO `average_auction_value` (`average_auction_value_id`,`average_cost`,`platform`,`player_id`) VALUES (59,3.90,'YAHOO',59);
INSERT INTO `average_auction_value` (`average_auction_value_id`,`average_cost`,`platform`,`player_id`) VALUES (60,5.50,'YAHOO',60);
INSERT INTO `average_auction_value` (`average_auction_value_id`,`average_cost`,`platform`,`player_id`) VALUES (61,8.30,'YAHOO',61);
INSERT INTO `average_auction_value` (`average_auction_value_id`,`average_cost`,`platform`,`player_id`) VALUES (62,5.70,'YAHOO',62);
INSERT INTO `average_auction_value` (`average_auction_value_id`,`average_cost`,`platform`,`player_id`) VALUES (63,3.80,'YAHOO',63);
INSERT INTO `average_auction_value` (`average_auction_value_id`,`average_cost`,`platform`,`player_id`) VALUES (64,3.70,'YAHOO',64);
INSERT INTO `average_auction_value` (`average_auction_value_id`,`average_cost`,`platform`,`player_id`) VALUES (65,5.90,'YAHOO',65);
INSERT INTO `average_auction_value` (`average_auction_value_id`,`average_cost`,`platform`,`player_id`) VALUES (66,3.30,'YAHOO',66);
INSERT INTO `average_auction_value` (`average_auction_value_id`,`average_cost`,`platform`,`player_id`) VALUES (67,4.90,'YAHOO',67);
INSERT INTO `average_auction_value` (`average_auction_value_id`,`average_cost`,`platform`,`player_id`) VALUES (68,15.70,'YAHOO',68);
INSERT INTO `average_auction_value` (`average_auction_value_id`,`average_cost`,`platform`,`player_id`) VALUES (69,2.50,'YAHOO',69);
INSERT INTO `average_auction_value` (`average_auction_value_id`,`average_cost`,`platform`,`player_id`) VALUES (70,4.90,'YAHOO',70);
INSERT INTO `average_auction_value` (`average_auction_value_id`,`average_cost`,`platform`,`player_id`) VALUES (71,3.10,'YAHOO',71);
INSERT INTO `average_auction_value` (`average_auction_value_id`,`average_cost`,`platform`,`player_id`) VALUES (72,5.80,'YAHOO',72);
INSERT INTO `average_auction_value` (`average_auction_value_id`,`average_cost`,`platform`,`player_id`) VALUES (73,3.10,'YAHOO',73);
INSERT INTO `average_auction_value` (`average_auction_value_id`,`average_cost`,`platform`,`player_id`) VALUES (74,3.10,'YAHOO',74);
INSERT INTO `average_auction_value` (`average_auction_value_id`,`average_cost`,`platform`,`player_id`) VALUES (75,3.70,'YAHOO',75);
INSERT INTO `average_auction_value` (`average_auction_value_id`,`average_cost`,`platform`,`player_id`) VALUES (76,5.40,'YAHOO',76);
INSERT INTO `average_auction_value` (`average_auction_value_id`,`average_cost`,`platform`,`player_id`) VALUES (77,5.20,'YAHOO',77);
INSERT INTO `average_auction_value` (`average_auction_value_id`,`average_cost`,`platform`,`player_id`) VALUES (78,1.60,'YAHOO',78);
INSERT INTO `average_auction_value` (`average_auction_value_id`,`average_cost`,`platform`,`player_id`) VALUES (79,3.70,'YAHOO',79);
INSERT INTO `average_auction_value` (`average_auction_value_id`,`average_cost`,`platform`,`player_id`) VALUES (80,5.20,'YAHOO',80);
INSERT INTO `average_auction_value` (`average_auction_value_id`,`average_cost`,`platform`,`player_id`) VALUES (81,2.60,'YAHOO',81);
INSERT INTO `average_auction_value` (`average_auction_value_id`,`average_cost`,`platform`,`player_id`) VALUES (82,2.70,'YAHOO',82);
INSERT INTO `average_auction_value` (`average_auction_value_id`,`average_cost`,`platform`,`player_id`) VALUES (83,1.80,'YAHOO',83);
INSERT INTO `average_auction_value` (`average_auction_value_id`,`average_cost`,`platform`,`player_id`) VALUES (84,1.70,'YAHOO',84);
INSERT INTO `average_auction_value` (`average_auction_value_id`,`average_cost`,`platform`,`player_id`) VALUES (85,2.20,'YAHOO',85);
INSERT INTO `average_auction_value` (`average_auction_value_id`,`average_cost`,`platform`,`player_id`) VALUES (86,2.20,'YAHOO',86);
INSERT INTO `average_auction_value` (`average_auction_value_id`,`average_cost`,`platform`,`player_id`) VALUES (87,2.50,'YAHOO',87);
INSERT INTO `average_auction_value` (`average_auction_value_id`,`average_cost`,`platform`,`player_id`) VALUES (88,1.40,'YAHOO',88);
INSERT INTO `average_auction_value` (`average_auction_value_id`,`average_cost`,`platform`,`player_id`) VALUES (89,2.90,'YAHOO',89);
INSERT INTO `average_auction_value` (`average_auction_value_id`,`average_cost`,`platform`,`player_id`) VALUES (90,3.10,'YAHOO',90);
INSERT INTO `average_auction_value` (`average_auction_value_id`,`average_cost`,`platform`,`player_id`) VALUES (91,1.40,'YAHOO',91);
INSERT INTO `average_auction_value` (`average_auction_value_id`,`average_cost`,`platform`,`player_id`) VALUES (92,2.60,'YAHOO',92);
INSERT INTO `average_auction_value` (`average_auction_value_id`,`average_cost`,`platform`,`player_id`) VALUES (93,2.40,'YAHOO',93);
INSERT INTO `average_auction_value` (`average_auction_value_id`,`average_cost`,`platform`,`player_id`) VALUES (94,2.70,'YAHOO',94);
INSERT INTO `average_auction_value` (`average_auction_value_id`,`average_cost`,`platform`,`player_id`) VALUES (95,3.10,'YAHOO',95);
INSERT INTO `average_auction_value` (`average_auction_value_id`,`average_cost`,`platform`,`player_id`) VALUES (96,5.60,'YAHOO',96);
INSERT INTO `average_auction_value` (`average_auction_value_id`,`average_cost`,`platform`,`player_id`) VALUES (97,3.10,'YAHOO',97);
INSERT INTO `average_auction_value` (`average_auction_value_id`,`average_cost`,`platform`,`player_id`) VALUES (98,2.50,'YAHOO',98);
INSERT INTO `average_auction_value` (`average_auction_value_id`,`average_cost`,`platform`,`player_id`) VALUES (99,2.00,'YAHOO',99);
INSERT INTO `average_auction_value` (`average_auction_value_id`,`average_cost`,`platform`,`player_id`) VALUES (100,1.20,'YAHOO',100);
INSERT INTO `average_auction_value` (`average_auction_value_id`,`average_cost`,`platform`,`player_id`) VALUES (101,2.90,'YAHOO',101);
INSERT INTO `average_auction_value` (`average_auction_value_id`,`average_cost`,`platform`,`player_id`) VALUES (102,1.40,'YAHOO',102);
INSERT INTO `average_auction_value` (`average_auction_value_id`,`average_cost`,`platform`,`player_id`) VALUES (103,1.80,'YAHOO',103);
INSERT INTO `average_auction_value` (`average_auction_value_id`,`average_cost`,`platform`,`player_id`) VALUES (104,1.50,'YAHOO',104);
INSERT INTO `average_auction_value` (`average_auction_value_id`,`average_cost`,`platform`,`player_id`) VALUES (105,2.10,'YAHOO',105);
INSERT INTO `average_auction_value` (`average_auction_value_id`,`average_cost`,`platform`,`player_id`) VALUES (106,1.80,'YAHOO',106);
INSERT INTO `average_auction_value` (`average_auction_value_id`,`average_cost`,`platform`,`player_id`) VALUES (107,4.00,'YAHOO',107);
INSERT INTO `average_auction_value` (`average_auction_value_id`,`average_cost`,`platform`,`player_id`) VALUES (108,1.90,'YAHOO',108);
INSERT INTO `average_auction_value` (`average_auction_value_id`,`average_cost`,`platform`,`player_id`) VALUES (109,2.10,'YAHOO',109);
INSERT INTO `average_auction_value` (`average_auction_value_id`,`average_cost`,`platform`,`player_id`) VALUES (110,1.40,'YAHOO',110);
INSERT INTO `average_auction_value` (`average_auction_value_id`,`average_cost`,`platform`,`player_id`) VALUES (111,3.50,'YAHOO',111);
INSERT INTO `average_auction_value` (`average_auction_value_id`,`average_cost`,`platform`,`player_id`) VALUES (112,1.30,'YAHOO',112);
INSERT INTO `average_auction_value` (`average_auction_value_id`,`average_cost`,`platform`,`player_id`) VALUES (113,1.80,'YAHOO',113);
INSERT INTO `average_auction_value` (`average_auction_value_id`,`average_cost`,`platform`,`player_id`) VALUES (114,1.60,'YAHOO',114);
INSERT INTO `average_auction_value` (`average_auction_value_id`,`average_cost`,`platform`,`player_id`) VALUES (115,1.40,'YAHOO',115);
INSERT INTO `average_auction_value` (`average_auction_value_id`,`average_cost`,`platform`,`player_id`) VALUES (116,1.50,'YAHOO',116);
INSERT INTO `average_auction_value` (`average_auction_value_id`,`average_cost`,`platform`,`player_id`) VALUES (117,2.70,'YAHOO',117);
INSERT INTO `average_auction_value` (`average_auction_value_id`,`average_cost`,`platform`,`player_id`) VALUES (118,1.50,'YAHOO',118);
INSERT INTO `average_auction_value` (`average_auction_value_id`,`average_cost`,`platform`,`player_id`) VALUES (119,1.80,'YAHOO',119);
INSERT INTO `average_auction_value` (`average_auction_value_id`,`average_cost`,`platform`,`player_id`) VALUES (120,2.00,'YAHOO',120);
INSERT INTO `average_auction_value` (`average_auction_value_id`,`average_cost`,`platform`,`player_id`) VALUES (121,1.10,'YAHOO',121);
INSERT INTO `average_auction_value` (`average_auction_value_id`,`average_cost`,`platform`,`player_id`) VALUES (122,1.50,'YAHOO',122);
INSERT INTO `average_auction_value` (`average_auction_value_id`,`average_cost`,`platform`,`player_id`) VALUES (123,2.20,'YAHOO',123);
INSERT INTO `average_auction_value` (`average_auction_value_id`,`average_cost`,`platform`,`player_id`) VALUES (124,1.50,'YAHOO',124);
INSERT INTO `average_auction_value` (`average_auction_value_id`,`average_cost`,`platform`,`player_id`) VALUES (125,1.50,'YAHOO',125);
INSERT INTO `average_auction_value` (`average_auction_value_id`,`average_cost`,`platform`,`player_id`) VALUES (126,1.60,'YAHOO',126);
INSERT INTO `average_auction_value` (`average_auction_value_id`,`average_cost`,`platform`,`player_id`) VALUES (127,1.50,'YAHOO',127);
INSERT INTO `average_auction_value` (`average_auction_value_id`,`average_cost`,`platform`,`player_id`) VALUES (128,1.30,'YAHOO',128);
INSERT INTO `average_auction_value` (`average_auction_value_id`,`average_cost`,`platform`,`player_id`) VALUES (129,1.30,'YAHOO',129);
INSERT INTO `average_auction_value` (`average_auction_value_id`,`average_cost`,`platform`,`player_id`) VALUES (130,1.20,'YAHOO',130);
INSERT INTO `average_auction_value` (`average_auction_value_id`,`average_cost`,`platform`,`player_id`) VALUES (131,1.40,'YAHOO',131);
INSERT INTO `average_auction_value` (`average_auction_value_id`,`average_cost`,`platform`,`player_id`) VALUES (132,1.80,'YAHOO',132);
INSERT INTO `average_auction_value` (`average_auction_value_id`,`average_cost`,`platform`,`player_id`) VALUES (133,1.40,'YAHOO',133);
INSERT INTO `average_auction_value` (`average_auction_value_id`,`average_cost`,`platform`,`player_id`) VALUES (134,1.30,'YAHOO',134);
INSERT INTO `average_auction_value` (`average_auction_value_id`,`average_cost`,`platform`,`player_id`) VALUES (135,1.00,'YAHOO',135);
INSERT INTO `average_auction_value` (`average_auction_value_id`,`average_cost`,`platform`,`player_id`) VALUES (136,1.30,'YAHOO',136);
INSERT INTO `average_auction_value` (`average_auction_value_id`,`average_cost`,`platform`,`player_id`) VALUES (137,1.30,'YAHOO',137);
INSERT INTO `average_auction_value` (`average_auction_value_id`,`average_cost`,`platform`,`player_id`) VALUES (138,1.30,'YAHOO',138);
INSERT INTO `average_auction_value` (`average_auction_value_id`,`average_cost`,`platform`,`player_id`) VALUES (139,1.70,'YAHOO',139);
INSERT INTO `average_auction_value` (`average_auction_value_id`,`average_cost`,`platform`,`player_id`) VALUES (140,1.10,'YAHOO',140);
INSERT INTO `average_auction_value` (`average_auction_value_id`,`average_cost`,`platform`,`player_id`) VALUES (141,2.70,'YAHOO',141);
INSERT INTO `average_auction_value` (`average_auction_value_id`,`average_cost`,`platform`,`player_id`) VALUES (142,2.10,'YAHOO',142);
INSERT INTO `average_auction_value` (`average_auction_value_id`,`average_cost`,`platform`,`player_id`) VALUES (143,3.40,'YAHOO',143);
INSERT INTO `average_auction_value` (`average_auction_value_id`,`average_cost`,`platform`,`player_id`) VALUES (144,1.50,'YAHOO',144);
INSERT INTO `average_auction_value` (`average_auction_value_id`,`average_cost`,`platform`,`player_id`) VALUES (145,1.70,'YAHOO',145);
INSERT INTO `average_auction_value` (`average_auction_value_id`,`average_cost`,`platform`,`player_id`) VALUES (146,1.60,'YAHOO',146);
INSERT INTO `average_auction_value` (`average_auction_value_id`,`average_cost`,`platform`,`player_id`) VALUES (147,1.00,'YAHOO',147);
INSERT INTO `average_auction_value` (`average_auction_value_id`,`average_cost`,`platform`,`player_id`) VALUES (148,1.10,'YAHOO',148);
INSERT INTO `average_auction_value` (`average_auction_value_id`,`average_cost`,`platform`,`player_id`) VALUES (149,1.60,'YAHOO',149);
INSERT INTO `average_auction_value` (`average_auction_value_id`,`average_cost`,`platform`,`player_id`) VALUES (150,1.30,'YAHOO',150);
INSERT INTO `average_auction_value` (`average_auction_value_id`,`average_cost`,`platform`,`player_id`) VALUES (151,1.50,'YAHOO',151);
INSERT INTO `average_auction_value` (`average_auction_value_id`,`average_cost`,`platform`,`player_id`) VALUES (152,1.00,'YAHOO',152);
INSERT INTO `average_auction_value` (`average_auction_value_id`,`average_cost`,`platform`,`player_id`) VALUES (153,1.60,'YAHOO',153);
INSERT INTO `average_auction_value` (`average_auction_value_id`,`average_cost`,`platform`,`player_id`) VALUES (154,1.30,'YAHOO',154);
INSERT INTO `average_auction_value` (`average_auction_value_id`,`average_cost`,`platform`,`player_id`) VALUES (155,1.70,'YAHOO',155);
INSERT INTO `average_auction_value` (`average_auction_value_id`,`average_cost`,`platform`,`player_id`) VALUES (156,1.30,'YAHOO',156);
INSERT INTO `average_auction_value` (`average_auction_value_id`,`average_cost`,`platform`,`player_id`) VALUES (157,1.20,'YAHOO',157);
INSERT INTO `average_auction_value` (`average_auction_value_id`,`average_cost`,`platform`,`player_id`) VALUES (158,1.50,'YAHOO',158);
INSERT INTO `average_auction_value` (`average_auction_value_id`,`average_cost`,`platform`,`player_id`) VALUES (159,1.50,'YAHOO',159);
INSERT INTO `average_auction_value` (`average_auction_value_id`,`average_cost`,`platform`,`player_id`) VALUES (160,1.60,'YAHOO',160);
INSERT INTO `average_auction_value` (`average_auction_value_id`,`average_cost`,`platform`,`player_id`) VALUES (161,1.20,'YAHOO',161);
INSERT INTO `average_auction_value` (`average_auction_value_id`,`average_cost`,`platform`,`player_id`) VALUES (162,1.50,'YAHOO',162);
INSERT INTO `average_auction_value` (`average_auction_value_id`,`average_cost`,`platform`,`player_id`) VALUES (163,1.80,'YAHOO',163);
INSERT INTO `average_auction_value` (`average_auction_value_id`,`average_cost`,`platform`,`player_id`) VALUES (164,1.10,'YAHOO',164);
INSERT INTO `average_auction_value` (`average_auction_value_id`,`average_cost`,`platform`,`player_id`) VALUES (165,1.30,'YAHOO',165);
INSERT INTO `average_auction_value` (`average_auction_value_id`,`average_cost`,`platform`,`player_id`) VALUES (166,1.30,'YAHOO',166);
INSERT INTO `average_auction_value` (`average_auction_value_id`,`average_cost`,`platform`,`player_id`) VALUES (167,1.00,'YAHOO',167);
INSERT INTO `average_auction_value` (`average_auction_value_id`,`average_cost`,`platform`,`player_id`) VALUES (168,2.00,'YAHOO',168);
INSERT INTO `average_auction_value` (`average_auction_value_id`,`average_cost`,`platform`,`player_id`) VALUES (169,1.00,'YAHOO',169);
INSERT INTO `average_auction_value` (`average_auction_value_id`,`average_cost`,`platform`,`player_id`) VALUES (170,1.80,'YAHOO',170);
INSERT INTO `average_auction_value` (`average_auction_value_id`,`average_cost`,`platform`,`player_id`) VALUES (171,1.40,'YAHOO',171);
INSERT INTO `average_auction_value` (`average_auction_value_id`,`average_cost`,`platform`,`player_id`) VALUES (172,2.40,'YAHOO',172);
INSERT INTO `average_auction_value` (`average_auction_value_id`,`average_cost`,`platform`,`player_id`) VALUES (173,1.30,'YAHOO',173);
INSERT INTO `average_auction_value` (`average_auction_value_id`,`average_cost`,`platform`,`player_id`) VALUES (174,1.30,'YAHOO',174);
INSERT INTO `average_auction_value` (`average_auction_value_id`,`average_cost`,`platform`,`player_id`) VALUES (175,1.80,'YAHOO',175);
INSERT INTO `average_auction_value` (`average_auction_value_id`,`average_cost`,`platform`,`player_id`) VALUES (176,1.50,'YAHOO',176);
INSERT INTO `average_auction_value` (`average_auction_value_id`,`average_cost`,`platform`,`player_id`) VALUES (177,1.10,'YAHOO',177);
INSERT INTO `average_auction_value` (`average_auction_value_id`,`average_cost`,`platform`,`player_id`) VALUES (178,1.80,'YAHOO',178);
INSERT INTO `average_auction_value` (`average_auction_value_id`,`average_cost`,`platform`,`player_id`) VALUES (179,1.00,'YAHOO',179);
INSERT INTO `average_auction_value` (`average_auction_value_id`,`average_cost`,`platform`,`player_id`) VALUES (180,1.60,'YAHOO',180);
INSERT INTO `average_auction_value` (`average_auction_value_id`,`average_cost`,`platform`,`player_id`) VALUES (181,1.20,'YAHOO',181);
INSERT INTO `average_auction_value` (`average_auction_value_id`,`average_cost`,`platform`,`player_id`) VALUES (182,1.00,'YAHOO',182);
INSERT INTO `average_auction_value` (`average_auction_value_id`,`average_cost`,`platform`,`player_id`) VALUES (183,1.40,'YAHOO',183);
INSERT INTO `average_auction_value` (`average_auction_value_id`,`average_cost`,`platform`,`player_id`) VALUES (184,1.60,'YAHOO',184);
INSERT INTO `average_auction_value` (`average_auction_value_id`,`average_cost`,`platform`,`player_id`) VALUES (185,1.40,'YAHOO',185);
INSERT INTO `average_auction_value` (`average_auction_value_id`,`average_cost`,`platform`,`player_id`) VALUES (186,2.90,'YAHOO',186);
INSERT INTO `average_auction_value` (`average_auction_value_id`,`average_cost`,`platform`,`player_id`) VALUES (187,1.10,'YAHOO',187);
INSERT INTO `average_auction_value` (`average_auction_value_id`,`average_cost`,`platform`,`player_id`) VALUES (188,1.50,'YAHOO',188);
INSERT INTO `average_auction_value` (`average_auction_value_id`,`average_cost`,`platform`,`player_id`) VALUES (189,1.30,'YAHOO',189);
INSERT INTO `average_auction_value` (`average_auction_value_id`,`average_cost`,`platform`,`player_id`) VALUES (190,1.40,'YAHOO',190);
INSERT INTO `average_auction_value` (`average_auction_value_id`,`average_cost`,`platform`,`player_id`) VALUES (191,1.20,'YAHOO',191);
INSERT INTO `average_auction_value` (`average_auction_value_id`,`average_cost`,`platform`,`player_id`) VALUES (192,1.60,'YAHOO',192);
INSERT INTO `average_auction_value` (`average_auction_value_id`,`average_cost`,`platform`,`player_id`) VALUES (193,1.20,'YAHOO',193);
INSERT INTO `average_auction_value` (`average_auction_value_id`,`average_cost`,`platform`,`player_id`) VALUES (194,1.10,'YAHOO',194);
INSERT INTO `average_auction_value` (`average_auction_value_id`,`average_cost`,`platform`,`player_id`) VALUES (195,1.70,'YAHOO',195);
INSERT INTO `average_auction_value` (`average_auction_value_id`,`average_cost`,`platform`,`player_id`) VALUES (196,1.30,'YAHOO',196);
INSERT INTO `average_auction_value` (`average_auction_value_id`,`average_cost`,`platform`,`player_id`) VALUES (197,1.40,'YAHOO',197);
INSERT INTO `average_auction_value` (`average_auction_value_id`,`average_cost`,`platform`,`player_id`) VALUES (198,1.30,'YAHOO',198);
INSERT INTO `average_auction_value` (`average_auction_value_id`,`average_cost`,`platform`,`player_id`) VALUES (199,1.20,'YAHOO',199);
INSERT INTO `average_auction_value` (`average_auction_value_id`,`average_cost`,`platform`,`player_id`) VALUES (200,1.30,'YAHOO',200);
INSERT INTO `average_auction_value` (`average_auction_value_id`,`average_cost`,`platform`,`player_id`) VALUES (201,1.60,'YAHOO',201);
INSERT INTO `average_auction_value` (`average_auction_value_id`,`average_cost`,`platform`,`player_id`) VALUES (202,1.30,'YAHOO',202);
INSERT INTO `average_auction_value` (`average_auction_value_id`,`average_cost`,`platform`,`player_id`) VALUES (203,1.20,'YAHOO',203);
INSERT INTO `average_auction_value` (`average_auction_value_id`,`average_cost`,`platform`,`player_id`) VALUES (204,1.20,'YAHOO',204);
INSERT INTO `average_auction_value` (`average_auction_value_id`,`average_cost`,`platform`,`player_id`) VALUES (205,1.40,'YAHOO',205);
INSERT INTO `average_auction_value` (`average_auction_value_id`,`average_cost`,`platform`,`player_id`) VALUES (206,1.80,'YAHOO',206);
INSERT INTO `average_auction_value` (`average_auction_value_id`,`average_cost`,`platform`,`player_id`) VALUES (207,1.30,'YAHOO',207);
INSERT INTO `average_auction_value` (`average_auction_value_id`,`average_cost`,`platform`,`player_id`) VALUES (208,1.20,'YAHOO',208);
INSERT INTO `average_auction_value` (`average_auction_value_id`,`average_cost`,`platform`,`player_id`) VALUES (209,1.40,'YAHOO',209);
INSERT INTO `average_auction_value` (`average_auction_value_id`,`average_cost`,`platform`,`player_id`) VALUES (210,1.30,'YAHOO',210);
INSERT INTO `average_auction_value` (`average_auction_value_id`,`average_cost`,`platform`,`player_id`) VALUES (211,1.20,'YAHOO',211);
INSERT INTO `average_auction_value` (`average_auction_value_id`,`average_cost`,`platform`,`player_id`) VALUES (212,1.20,'YAHOO',212);
INSERT INTO `average_auction_value` (`average_auction_value_id`,`average_cost`,`platform`,`player_id`) VALUES (213,1.30,'YAHOO',213);
INSERT INTO `average_auction_value` (`average_auction_value_id`,`average_cost`,`platform`,`player_id`) VALUES (214,1.10,'YAHOO',214);
INSERT INTO `average_auction_value` (`average_auction_value_id`,`average_cost`,`platform`,`player_id`) VALUES (215,1.00,'YAHOO',215);
INSERT INTO `average_auction_value` (`average_auction_value_id`,`average_cost`,`platform`,`player_id`) VALUES (216,1.00,'YAHOO',216);
INSERT INTO `average_auction_value` (`average_auction_value_id`,`average_cost`,`platform`,`player_id`) VALUES (217,1.00,'YAHOO',217);
INSERT INTO `average_auction_value` (`average_auction_value_id`,`average_cost`,`platform`,`player_id`) VALUES (218,1.20,'YAHOO',218);
INSERT INTO `average_auction_value` (`average_auction_value_id`,`average_cost`,`platform`,`player_id`) VALUES (219,1.10,'YAHOO',219);
INSERT INTO `average_auction_value` (`average_auction_value_id`,`average_cost`,`platform`,`player_id`) VALUES (220,1.00,'YAHOO',220);
INSERT INTO `average_auction_value` (`average_auction_value_id`,`average_cost`,`platform`,`player_id`) VALUES (221,1.10,'YAHOO',221);
INSERT INTO `average_auction_value` (`average_auction_value_id`,`average_cost`,`platform`,`player_id`) VALUES (222,1.20,'YAHOO',222);
INSERT INTO `average_auction_value` (`average_auction_value_id`,`average_cost`,`platform`,`player_id`) VALUES (223,1.00,'YAHOO',223);
INSERT INTO `average_auction_value` (`average_auction_value_id`,`average_cost`,`platform`,`player_id`) VALUES (224,1.00,'YAHOO',224);
INSERT INTO `average_auction_value` (`average_auction_value_id`,`average_cost`,`platform`,`player_id`) VALUES (225,1.10,'YAHOO',225);
INSERT INTO `average_auction_value` (`average_auction_value_id`,`average_cost`,`platform`,`player_id`) VALUES (226,1.00,'YAHOO',226);
INSERT INTO `average_auction_value` (`average_auction_value_id`,`average_cost`,`platform`,`player_id`) VALUES (227,1.00,'YAHOO',227);
INSERT INTO `average_auction_value` (`average_auction_value_id`,`average_cost`,`platform`,`player_id`) VALUES (228,1.00,'YAHOO',228);
INSERT INTO `average_auction_value` (`average_auction_value_id`,`average_cost`,`platform`,`player_id`) VALUES (229,1.00,'YAHOO',229);
INSERT INTO `average_auction_value` (`average_auction_value_id`,`average_cost`,`platform`,`player_id`) VALUES (230,1.10,'YAHOO',230);
INSERT INTO `average_auction_value` (`average_auction_value_id`,`average_cost`,`platform`,`player_id`) VALUES (231,1.00,'YAHOO',231);
INSERT INTO `average_auction_value` (`average_auction_value_id`,`average_cost`,`platform`,`player_id`) VALUES (232,1.00,'YAHOO',232);
INSERT INTO `average_auction_value` (`average_auction_value_id`,`average_cost`,`platform`,`player_id`) VALUES (233,1.00,'YAHOO',233);
INSERT INTO `average_auction_value` (`average_auction_value_id`,`average_cost`,`platform`,`player_id`) VALUES (234,0.00,'YAHOO',234);
INSERT INTO `average_auction_value` (`average_auction_value_id`,`average_cost`,`platform`,`player_id`) VALUES (235,0.00,'YAHOO',235);
INSERT INTO `average_auction_value` (`average_auction_value_id`,`average_cost`,`platform`,`player_id`) VALUES (236,0.00,'YAHOO',236);
INSERT INTO `average_auction_value` (`average_auction_value_id`,`average_cost`,`platform`,`player_id`) VALUES (237,0.00,'YAHOO',237);
INSERT INTO `average_auction_value` (`average_auction_value_id`,`average_cost`,`platform`,`player_id`) VALUES (238,0.00,'YAHOO',238);
INSERT INTO `average_auction_value` (`average_auction_value_id`,`average_cost`,`platform`,`player_id`) VALUES (239,0.00,'YAHOO',239);
INSERT INTO `average_auction_value` (`average_auction_value_id`,`average_cost`,`platform`,`player_id`) VALUES (240,0.00,'YAHOO',240);
INSERT INTO `average_auction_value` (`average_auction_value_id`,`average_cost`,`platform`,`player_id`) VALUES (241,0.00,'YAHOO',241);
INSERT INTO `average_auction_value` (`average_auction_value_id`,`average_cost`,`platform`,`player_id`) VALUES (242,0.00,'YAHOO',242);
INSERT INTO `average_auction_value` (`average_auction_value_id`,`average_cost`,`platform`,`player_id`) VALUES (243,0.00,'YAHOO',243);
INSERT INTO `average_auction_value` (`average_auction_value_id`,`average_cost`,`platform`,`player_id`) VALUES (244,0.00,'YAHOO',244);
INSERT INTO `average_auction_value` (`average_auction_value_id`,`average_cost`,`platform`,`player_id`) VALUES (245,0.00,'YAHOO',245);
INSERT INTO `average_auction_value` (`average_auction_value_id`,`average_cost`,`platform`,`player_id`) VALUES (246,0.00,'YAHOO',246);
INSERT INTO `average_auction_value` (`average_auction_value_id`,`average_cost`,`platform`,`player_id`) VALUES (247,0.00,'YAHOO',247);
INSERT INTO `average_auction_value` (`average_auction_value_id`,`average_cost`,`platform`,`player_id`) VALUES (248,0.00,'YAHOO',248);
INSERT INTO `average_auction_value` (`average_auction_value_id`,`average_cost`,`platform`,`player_id`) VALUES (249,0.00,'YAHOO',249);
INSERT INTO `average_auction_value` (`average_auction_value_id`,`average_cost`,`platform`,`player_id`) VALUES (250,0.00,'YAHOO',250);
INSERT INTO `average_auction_value` (`average_auction_value_id`,`average_cost`,`platform`,`player_id`) VALUES (251,0.00,'YAHOO',251);
INSERT INTO `average_auction_value` (`average_auction_value_id`,`average_cost`,`platform`,`player_id`) VALUES (252,0.00,'YAHOO',252);
INSERT INTO `average_auction_value` (`average_auction_value_id`,`average_cost`,`platform`,`player_id`) VALUES (253,0.00,'YAHOO',253);
INSERT INTO `average_auction_value` (`average_auction_value_id`,`average_cost`,`platform`,`player_id`) VALUES (254,0.00,'YAHOO',254);
INSERT INTO `average_auction_value` (`average_auction_value_id`,`average_cost`,`platform`,`player_id`) VALUES (255,0.00,'YAHOO',255);
INSERT INTO `average_auction_value` (`average_auction_value_id`,`average_cost`,`platform`,`player_id`) VALUES (256,0.00,'YAHOO',256);
INSERT INTO `average_auction_value` (`average_auction_value_id`,`average_cost`,`platform`,`player_id`) VALUES (257,0.00,'YAHOO',257);
INSERT INTO `average_auction_value` (`average_auction_value_id`,`average_cost`,`platform`,`player_id`) VALUES (258,0.00,'YAHOO',258);
INSERT INTO `average_auction_value` (`average_auction_value_id`,`average_cost`,`platform`,`player_id`) VALUES (259,0.00,'YAHOO',259);
INSERT INTO `average_auction_value` (`average_auction_value_id`,`average_cost`,`platform`,`player_id`) VALUES (260,0.00,'YAHOO',260);
INSERT INTO `average_auction_value` (`average_auction_value_id`,`average_cost`,`platform`,`player_id`) VALUES (261,0.00,'YAHOO',261);
INSERT INTO `average_auction_value` (`average_auction_value_id`,`average_cost`,`platform`,`player_id`) VALUES (262,0.00,'YAHOO',262);
INSERT INTO `average_auction_value` (`average_auction_value_id`,`average_cost`,`platform`,`player_id`) VALUES (263,0.00,'YAHOO',263);
INSERT INTO `average_auction_value` (`average_auction_value_id`,`average_cost`,`platform`,`player_id`) VALUES (264,0.00,'YAHOO',264);
INSERT INTO `average_auction_value` (`average_auction_value_id`,`average_cost`,`platform`,`player_id`) VALUES (265,0.00,'YAHOO',265);
INSERT INTO `average_auction_value` (`average_auction_value_id`,`average_cost`,`platform`,`player_id`) VALUES (266,0.00,'YAHOO',266);
INSERT INTO `average_auction_value` (`average_auction_value_id`,`average_cost`,`platform`,`player_id`) VALUES (267,0.00,'YAHOO',267);
INSERT INTO `average_auction_value` (`average_auction_value_id`,`average_cost`,`platform`,`player_id`) VALUES (268,0.00,'YAHOO',268);
INSERT INTO `average_auction_value` (`average_auction_value_id`,`average_cost`,`platform`,`player_id`) VALUES (269,0.00,'YAHOO',269);
INSERT INTO `average_auction_value` (`average_auction_value_id`,`average_cost`,`platform`,`player_id`) VALUES (270,0.00,'YAHOO',270);
INSERT INTO `average_auction_value` (`average_auction_value_id`,`average_cost`,`platform`,`player_id`) VALUES (271,0.00,'YAHOO',271);
INSERT INTO `average_auction_value` (`average_auction_value_id`,`average_cost`,`platform`,`player_id`) VALUES (272,0.00,'YAHOO',272);
INSERT INTO `average_auction_value` (`average_auction_value_id`,`average_cost`,`platform`,`player_id`) VALUES (273,0.00,'YAHOO',273);
INSERT INTO `average_auction_value` (`average_auction_value_id`,`average_cost`,`platform`,`player_id`) VALUES (274,0.00,'YAHOO',274);
INSERT INTO `average_auction_value` (`average_auction_value_id`,`average_cost`,`platform`,`player_id`) VALUES (275,0.00,'YAHOO',275);
INSERT INTO `average_auction_value` (`average_auction_value_id`,`average_cost`,`platform`,`player_id`) VALUES (276,0.00,'YAHOO',276);
INSERT INTO `average_auction_value` (`average_auction_value_id`,`average_cost`,`platform`,`player_id`) VALUES (277,0.00,'YAHOO',277);
INSERT INTO `average_auction_value` (`average_auction_value_id`,`average_cost`,`platform`,`player_id`) VALUES (278,0.00,'YAHOO',278);
INSERT INTO `average_auction_value` (`average_auction_value_id`,`average_cost`,`platform`,`player_id`) VALUES (279,0.00,'YAHOO',279);
INSERT INTO `average_auction_value` (`average_auction_value_id`,`average_cost`,`platform`,`player_id`) VALUES (280,0.00,'YAHOO',280);
INSERT INTO `average_auction_value` (`average_auction_value_id`,`average_cost`,`platform`,`player_id`) VALUES (281,0.00,'YAHOO',281);
INSERT INTO `average_auction_value` (`average_auction_value_id`,`average_cost`,`platform`,`player_id`) VALUES (282,0.00,'YAHOO',282);
INSERT INTO `average_auction_value` (`average_auction_value_id`,`average_cost`,`platform`,`player_id`) VALUES (283,0.00,'YAHOO',283);
INSERT INTO `average_auction_value` (`average_auction_value_id`,`average_cost`,`platform`,`player_id`) VALUES (284,0.00,'YAHOO',284);
INSERT INTO `average_auction_value` (`average_auction_value_id`,`average_cost`,`platform`,`player_id`) VALUES (285,0.00,'YAHOO',285);
INSERT INTO `average_auction_value` (`average_auction_value_id`,`average_cost`,`platform`,`player_id`) VALUES (286,0.00,'YAHOO',286);
INSERT INTO `average_auction_value` (`average_auction_value_id`,`average_cost`,`platform`,`player_id`) VALUES (287,0.00,'YAHOO',287);
INSERT INTO `average_auction_value` (`average_auction_value_id`,`average_cost`,`platform`,`player_id`) VALUES (288,0.00,'YAHOO',288);
INSERT INTO `average_auction_value` (`average_auction_value_id`,`average_cost`,`platform`,`player_id`) VALUES (289,0.00,'YAHOO',289);
INSERT INTO `average_auction_value` (`average_auction_value_id`,`average_cost`,`platform`,`player_id`) VALUES (290,0.00,'YAHOO',290);
INSERT INTO `average_auction_value` (`average_auction_value_id`,`average_cost`,`platform`,`player_id`) VALUES (291,0.00,'YAHOO',291);
INSERT INTO `average_auction_value` (`average_auction_value_id`,`average_cost`,`platform`,`player_id`) VALUES (292,0.00,'YAHOO',292);
INSERT INTO `average_auction_value` (`average_auction_value_id`,`average_cost`,`platform`,`player_id`) VALUES (293,0.00,'YAHOO',293);
INSERT INTO `average_auction_value` (`average_auction_value_id`,`average_cost`,`platform`,`player_id`) VALUES (294,0.00,'YAHOO',294);
INSERT INTO `average_auction_value` (`average_auction_value_id`,`average_cost`,`platform`,`player_id`) VALUES (295,0.00,'YAHOO',295);
INSERT INTO `average_auction_value` (`average_auction_value_id`,`average_cost`,`platform`,`player_id`) VALUES (296,0.00,'YAHOO',296);
INSERT INTO `average_auction_value` (`average_auction_value_id`,`average_cost`,`platform`,`player_id`) VALUES (297,0.00,'YAHOO',297);
INSERT INTO `average_auction_value` (`average_auction_value_id`,`average_cost`,`platform`,`player_id`) VALUES (298,0.00,'YAHOO',298);
INSERT INTO `average_auction_value` (`average_auction_value_id`,`average_cost`,`platform`,`player_id`) VALUES (299,0.00,'YAHOO',299);
INSERT INTO `average_auction_value` (`average_auction_value_id`,`average_cost`,`platform`,`player_id`) VALUES (300,0.00,'YAHOO',300);
